-- =============================================
-- LOCAIS_ORIGEM
-- =============================================
DELETE FROM locais_origem;
INSERT INTO locais_origem (name) VALUES
  ('G+SHIP VG'),
  ('G+SHIP CWB'),
  ('G+SHIP RJ');

-- =============================================
-- CATEGORIES
-- =============================================
INSERT INTO categories (id, name, icon, color) VALUES
  ('abajur', 'Abajur', '🔮', '#28a745'),
  ('arandelas', 'Arandelas', '💡', '#dc3545'),
  ('lustres', 'Lustres', '✨', '#fd7e14'),
  ('outros', 'Outros', '📦', '#6c757d'),
  ('pendentes', 'Pendentes', '💡', '#007bff'),
  ('plafons', 'Plafons', '⭕', '#20c997'),
  ('spots', 'Spots', '🔦', '#6f42c1');

-- =============================================
-- PRODUCTS
-- =============================================
INSERT INTO products (id, name, sku, ean, category, min_stock, observations, nf_origem, created_at) VALUES
  ('1', 'Luminária de Mesa Abajur Moderna Minimalista LED Acrílico Facino Colors - VERDE', '100500725790123-CH-Green', '', 'abajur', 3, NULL, NULL, NULL),
  ('2', 'Luminária de Mesa Abajur Moderna Minimalista LED Acrílico Facino Colors - AMARELO', '100500725790123-CH-Yellow', '', 'abajur', 3, NULL, NULL, NULL),
  ('3', 'Luminária de Mesa Abajur Moderna Minimalista LED Acrílico Facino Colors - ROSA', '100500725790123-CH-Pink', '', 'abajur', 3, NULL, NULL, NULL),
  ('4', 'Luminária de Mesa Abajur Moderna Minimalista LED Acrílico Facino Colors - VERMELHO', '100500725790123-CH-Red', '', 'abajur', 3, NULL, NULL, NULL),
  ('5', 'Luminária de Mesa Abajur Moderna Minimalista LED Acrílico Facino Colors - BRANCO', '100500725790123-CH-White', '', 'abajur', 3, NULL, NULL, NULL),
  ('1h8aeh9yl', 'Luminária de Mesa Moderna Minimalista LED Bawe - Preto', '1005004282941108-Black-Type-C charging', '', 'abajur', NULL, '', NULL, '2025-12-09T21:14:29.113Z'),
  ('2ey7i66z9', 'Luminaria Arandela Moderna Minimalista Globo Vidro Vox - Vermelho - 12cm', '180:200002567Without light source;200000795:193Red', '', 'arandelas', 1, 'Cadastrado via NF 2250', NULL, '2026-01-20T19:24:21.605Z'),
  ('3g6ft3tdo', 'Luminaria Pendente Moderno Minimalista Metal LED Suit - Branco - 23cm - Branco Quente (3000K)', '136:200003938Warm White  3000K;200000531:29White;5:361385', '', 'pendentes', 1, 'Cadastrado via NF 2253', NULL, '2026-01-20T19:18:14.522Z'),
  ('5o3n8jys9', 'Luminária Pendente Moderna Minimalista Metal Aramado Cluster - Prata - Ø45cm - Branco Quente (3000K)', '136:200003938#Warm white;200000531:365458#Chrome small', '', 'pendentes', 3, '', NULL, '2025-12-09T20:54:45.277Z'),
  ('6iq94jn4m', 'Luminária Pendente Moderna Minimalista Vidro Zaera Lumi - Ø25cm - Incolor - Vidro e Alumínio', '1005006332397349-A25CM-warm light', '', 'pendentes', NULL, '', NULL, '2025-12-09T21:13:14.626Z'),
  ('a81r9zt52', 'Luminária Arandela Moderna Minimalista Touch LED Metal Liteni - Dourado / Ø33cm', '200000795:193#gold;5:100014064#33cm', '', 'arandelas', 3, '', NULL, '2025-12-09T21:02:06.478Z'),
  ('aulhbs9ky', 'Luminária Arandela Moderna Minimalista Metal Shives - Dourado', '1005006990959497-Gold', '', 'arandelas', 3, '', NULL, '2025-12-09T20:52:28.342Z'),
  ('auzzwax1w', 'Luminaria Arandela Moderna Minimalista Articulada Tecido Kioma - Dourado e Branco', '1005007506632761-B', 'SEM GTIN', 'arandelas', NULL, NULL, NULL, NULL),
  ('bbi2qj7v2', 'Luminária Arandela Moderna Minimalista Spot Direcionável LED Handle - Branco - Branco Quente (3000K)', '200000795:29;180:200002571', '', 'arandelas', 3, '', NULL, NULL),
  ('cyrj9qv54', 'Luminária Pendente Moderna Minimalista Vidro Zaera Lumi - Ø20cm - Incolor - Vidro e Alumínio', '1005006332397349-A20CM-warm light', '', 'pendentes', NULL, '', NULL, '2025-12-09T21:13:48.483Z'),
  ('e826h7fqm', 'Luminária Pendente Moderna Minimalista Tecido Aster - Ø50cm - Tecido e Alumínio', '1005007606474326-D50cm-Warm Light', '', 'pendentes', 3, '', NULL, '2025-12-09T21:07:51.375Z'),
  ('f3p5jruii', 'Luminária Pendente Moderna Minimalista Metal LED Mungo - Vermelho - Branco Quente (3000K) - Ø40cm', '136:200003938#Warm white;200000531:10#Red;5:361386#Diameter', '', 'pendentes', NULL, '', NULL, '2025-12-09T21:10:21.711Z'),
  ('fyqvup9x9', 'Luminária Arandela Moderno Minimalista Acrílico Baloon - Vermelho - Ø20cm', '1005005232203762-RED-20CM', '', 'arandelas', NULL, '', '121', '2026-02-02T18:59:38.099Z'),
  ('g49vdo1n8', 'Luminária Pendente Moderna Minimalista Orgânico Metal Vidro Minsk - Orgânico - Ø20cm - Branco', '1005007001027262-A20CM-Without bulb', '', 'pendentes', NULL, '', NULL, '2025-12-09T21:09:35.171Z'),
  ('i8ir5a5ed', 'Luminaria Arandela Moderna Minimalista Globo Vidro Vox - Bege - 12cm', '180:200002567Without light source;200000795:175Beige', '', 'arandelas', 1, 'Cadastrado via NF 2249', NULL, '2026-01-20T19:23:46.258Z'),
  ('ip1z7ge9z', 'Luminária Pendente Moderno Minimalista Verve - Ø60cm - Preto', '1005004171458205-60 cm-Warm White-black lamp body-1', '', 'pendentes', 3, 'Estão faltando as peças de acabamento douradas que foram enviadas pra outra cliente.', NULL, '2025-12-09T21:06:10.403Z'),
  ('iz80xkjjv', 'Luminaria De Mesa Abajur Moderna Minimalista Ceramica Tecido Emur - 30x31cm - Verde - Ceramica e Tecido', '14:771EU Plug;200000795:10Green small', '', 'abajur', 1, 'Cadastrado via NF 2217', NULL, '2026-01-20T19:38:27.996Z'),
  ('l9r4zq3z5', 'Luminária Arandela Moderno Minimalista Avo - Preto', '1005005245471998-C Black-Warm White (2700-3500K)', '', 'arandelas', NULL, 'Foi comprada uma un a mais, ficando então para estoque. Vila Guilherme - SP', '1616', '2026-01-27T18:19:49.853Z'),
  ('lqh8xnu2v', 'Luminaria Arandela Moderno Minimalista Ikso', '1005004078629302-White-Warm White (2700-3500K)', '', 'arandelas', 1, 'Cadastrado via NF 2251', NULL, '2026-01-20T18:57:37.718Z'),
  ('mbnkm10n8', 'Luminária Arandela Moderna Minimalista Retrô Metal Dust - Bege, Verde e Rosa - Branco Quente (3000K)', '1005005340598218-Be-Green Pink-Warm white', '', 'arandelas', 3, '', NULL, '2025-12-09T20:49:59.040Z'),
  ('miqg1p6ntjjc3ggfvt8', 'Luminaria Arandela Moderna Minimalista Madeira Lovacci - A - Nogueira - Madeira, Vidro e Aluminio - Branco Quente (3000K', '1005007392637392-A160mm.WN-CHINA-Warm light 3000K', 'SEM GTIN', 'arandelas', 3, NULL, NULL, NULL),
  ('miukoa9brvkzfucawii', 'Luminária Pendente Moderna Minimalista Metal Madeira Bergen - BEGE', '1005006520650313-1Creamy-Warm White', '', 'pendentes', 1, NULL, NULL, NULL),
  ('miul9osg85g8mle390o', ' Luminária Arandela Moderno Minimalista Articulada Piper - BRANCO E DOURADO', '1005005362858729-White-43cm-Warm White (2700-3500K)', '', 'arandelas', 1, NULL, NULL, NULL),
  ('miulbalrow13iy6c2qm', 'Luminária Arandela Moderna Clássica Metal Cúpula Tecido Gnoff - Branco e Dourado', '1005006382188007-White lampshade-Copper lamp body', '', 'arandelas', 3, NULL, NULL, NULL),
  ('miulcr599wovy4ieijb', 'Luminária Arandela Moderna Minimalista Articulada Tecido Felpa - Dourado', '1005007506632761-A golden', '', 'arandelas', 1, NULL, NULL, NULL),
  ('miulgle6t5ooi2pgd8c', ' Luminária Pendente Moderna Industrial Vintage Retrô Colors - Branco', '4000295113481-white-Without bulb', '', 'pendentes', 1, NULL, NULL, NULL),
  ('miulnidlne2lrey354', 'Luminária Arandela Moderno Minimalista Vidro LED Blaese - Ambar', '200000795:29#Amber color;180:200002571#warm white', '', 'arandelas', 1, NULL, NULL, NULL),
  ('miumiupzz3mfrejtqyq', 'Luminária de Mesa Abajur Moderna Minimalista LED Cerâmica Brillanza - Laranja', '1005006104607551-ORANGE-warm light', '', 'abajur', 3, NULL, NULL, NULL),
  ('miumma9h2vm911our1j', 'Luminária Arandela Moderna Industrial Retrô Articulada Metal Liorah - 30 cm - Preto e Dourado', '1005004255578084-B1-No bulb', '', 'arandelas', 3, NULL, NULL, NULL),
  ('miumou0xpupfhxb8ed', 'Luminária De Mesa Abajur Minimalista Vidro Cerâmica Melusi - Branco - Ø20x29cm', '1005007525219033-white-EU', '', 'abajur', 3, NULL, NULL, NULL),
  ('miumroxouxipotkdkrk', 'Luminária de Mesa Abajur Moderna Minimalista LED Metal Gold Lux - Dourado - Ø12x37cm', '1005006076120195-A-EU Plug', '', 'abajur', 1, NULL, NULL, NULL),
  ('miun0xzlgaowjwqzpg', 'Luminária Pendente Moderna Minimalista Metal Vidro Gnitti - Âmbar - Ø35cm - Branco Quente (3000K)', '1005005320153847-Amber-35cm-Warm White', '', 'pendentes', 3, NULL, NULL, NULL),
  ('miunc1tnuz1qk0z11h', 'Luminária Arandela Moderna Minimalista LED Metal Tagua - Branco - Branco Quente (3000K)', '1005006237200352-White-Warm white', '', 'arandelas', 3, NULL, NULL, NULL),
  ('miuncg4ilet8ur1jbh', 'Luminária Pendente Moderna Minimalista Tecido Toliaza - Ø60cm - Tecido e Madeira - Branco Quente (3000K)', '1005007150054588-Diameter 60cm-Wood pole-warm light', '', 'pendentes', 3, NULL, NULL, NULL),
  ('miw49t2m7e9g4gsvoin', 'Luminária de Mesa Moderna Minimalista Globo Vidro Orgânica Paint - Vermelho - 45cm - Ø17cm - Branco Quente (3000K)', '136:173-RED-45CM', '', 'abajur', 3, NULL, NULL, NULL),
  ('miw4joh74dfcdz0vcsr', 'Luminária de Mesa Abajur Moderna Minimalista LED Cerâmica Brillanza - Azul - Branco Quente (3000K)', '1005006104607551-BLUE-warm light', '', 'abajur', 3, NULL, NULL, NULL),
  ('miw4m12f00vrni4ifkl4', 'Luminária Arandela Moderna Minimalista Linear Fine - Preto - 60cm', 'arandela-linear-fine-preto-60', '', 'arandelas', 3, NULL, NULL, NULL),
  ('miw4ppqdovrpf5g9lo', 'Luminária Arandela Moderna Clássica Metal Cúpula Tecido Gnoff - Linho - Preto', '1005006382188007-Linen lampshade-Black lamp body', '', 'arandelas', 3, NULL, NULL, NULL),
  ('miw68ocqlbq5l5l9i3i', 'Luminária Pendente Moderna Minimalista Vidro Bianc - 15x16cm - Cinza - Branco Quente (3000K)', '1005006092318020-Small Smoke gray-warm light', '', 'pendentes', 3, NULL, NULL, NULL),
  ('miw6blcas7plmw70lvc', 'Luminária Spot Sobrepor Redondo Antiofuscante Direcionável LED Holl - Branco - Branco Quente (3000K) - 12W', '136:29#Round white;200000531:193#Warm White 3000K;249:200002', '', 'spots', 3, NULL, NULL, NULL),
  ('miw6g20ducyu3yh7fx', 'Luminária Arandela Moderna Minimalista Origami - Dourado', '4001176351696-Golden-Warm White (2700-3500K)', '', 'arandelas', 3, NULL, NULL, NULL),
  ('miw6ghvy7g3rfomcvbb', 'Luminária Arandela Moderna Minimalista Articulável Metal Mini - Branco - Branco Quente (3000K)', '180:200002571#7W Warm White 3000K;200000795:691#Wall -White', '', 'arandelas', 3, NULL, NULL, NULL),
  ('miw6ijfzaktjoxk24cp', 'Luminária Pendente Moderna Minimalista Aim Fantasy - Branco - 1 cúpula - 300cm - Ø18cm', '1005002008969209-WHITE-1 head-300cm wire-Lampshade Dia 18cm', '', 'pendentes', 3, NULL, NULL, NULL),
  ('miw6k24d199jxyw0lem', 'Luminária de Mesa Moderna Minimalista Articulada LED Flower - 15x12.5x39cm - Rosa - Dimerizável', '5:100014064#15x12.5x39cm;200000531:193#Pink;249:200006305;14', '', 'abajur', 3, NULL, NULL, NULL),
  ('miw6o8pcf0hx2ixpm9l', '	Luminária Plafon Moderna Minimalista Madeira Beam - Ø28cm - Nogueira - Madeira', '1005006738707980-Walnut Color 28cm-Warm White', '', 'plafons', 3, NULL, NULL, NULL),
  ('miw6u3gwn76bpj9z2xq', 'Luminária Arandela Moderna Minimalista Articulada Nerth - 2 cúpulas - 120cm x 65cm', '200000795:173#2heads 120cm', '', 'arandelas', 3, NULL, NULL, NULL),
  ('miw6wo1bcu3wr754zc9', 'Luminária Arandela Minimalista Tecido Metal Ace - Cromado - Ø16x54cm', '4000685158571-Chrome-CHINA', '', 'arandelas', 3, NULL, NULL, NULL),
  ('miw6x2wg8xu7qc1m5qk', 'Luminária Pendente Moderna Minimalista LED Metal Banciag - Preto', '1005006501305098-Black lampbody', '', 'pendentes', 3, NULL, NULL, NULL),
  ('miw713ioa9vpxyucvo', 'Luminária Pendente Moderno Minimalista Vidro Âmbar Knot - A', '32939673394-Amber color-C', '', 'pendentes', 3, NULL, NULL, NULL),
  ('miw71espiacbrz9624', 'Luminária Pendente Moderno Minimalista Vidro Âmbar Knot - C', '32939673394-Amber color-B', '', 'pendentes', 3, NULL, NULL, NULL),
  ('miw71wq7fn6iy2f6eei', 'Luminária Arandela Minimalista Mármore Laxus - Bege', '1005008538785501-cloud stone', '', 'arandelas', 3, NULL, NULL, NULL),
  ('miw75pz7d4gn9tfc5yb', 'Luminária Pendente Moderna Minimalista Metal Cristal Tubo Gota Shine - Cobre - 40cm - 5W | Branco Quente (3000K) | Níque', '1005005751448396-Copper-L400-5W No Dimmable-3000K Warm White', '', 'pendentes', 3, NULL, NULL, NULL),
  ('miw77557i54bk3c65i', 'Luminária Pendente Moderna Minimalista Metal Tecido Daccaro - Ø35x45cm - Branco Quente (3000K)', '1005007143017099-D35cmxH45cm-light yellow', '', 'pendentes', 3, NULL, NULL, NULL),
  ('miw77sntae9y8nc11k9', 'Luminária de Mesa Moderna Minimalista Horseshoe', '1005002607371695-Gold and white', '', 'abajur', 3, NULL, NULL, NULL),
  ('miw787fbgo1ugl5bmk', 'Luminária Pendente Moderna Minimalista Tecido Aster - Ø40cm - Tecido e Alumínio', '1005007606474326-D40cm-Warm Light', '', 'pendentes', 3, NULL, NULL, NULL),
  ('miw7brto4x1ctzdkoj', 'Luminária de Mesa Abajur Moderna Minimalista LED Vidro Liora - Ø35x30cm - Branco Quente (3000K)', '1005005881791136-YELLOW', '', 'abajur', 3, NULL, NULL, NULL),
  ('miw7d7agl4otmorxkgg', 'Luminária Arandela Moderna Minimalista Articulada Madeira Mármore Travertino Zant - Nogueira', '1005007126209440-Brown', '', 'arandelas', 3, NULL, NULL, NULL),
  ('miw7fnyiqb0v3y17z9k', '	Luminária Arandela Moderna Minimalista Articulada Okra - Níquel', '200000795:691#sand nickel;200007763:201336100;180:200002571', '', 'arandelas', 3, NULL, NULL, NULL),
  ('miw7rr12ik39tt4z2v', 'Luminária Arandela Moderna Minimalista Articulada Direcionável Cora - Preto', '1005005691697679-Black A-3W-Warm Light', '', 'arandelas', 3, NULL, NULL, NULL),
  ('miw7s5j0nqxlyssr22', 'Luminária Pendente Moderno Minimalista Litzy - Ø50cm - Branco Quente (3000K)', '200000531:193#D50cm;136:200003938#warm light', '', 'pendentes', 3, NULL, NULL, NULL),
  ('miw7tqreponxg4tsqy', 'Luminária Pendente Moderna Industrial Articulada Doopa - Preto', '4000873425363-White A3', '', 'pendentes', 3, NULL, NULL, NULL),
  ('miw7uoiqoqykzgp4zk', 'Luminária Pendente Moderno Minimalista Linear LED Linea - 150cm - Preto - Branco Quente (3000K)', '136:200006153#Warm Light;200000531:350852#Type C Black', '', 'pendentes', 3, NULL, NULL, NULL),
  ('miw7vubrm0tjy1d4k', '	Luminária Pendente Moderna Industrial Vintage Retrô Colors - Preto', '4000295113481-black-Without bulb', '', 'pendentes', 3, NULL, NULL, NULL),
  ('miw7xj9mrsazdz315hc', 'Luminária Arandela Moderna Minimalista LED Resina Flomu - Rosa', '1005007385834178-PINK', '', 'arandelas', 3, NULL, NULL, NULL),
  ('miw82fpyjtdqacbj0qo', 'Luminária Pendente Moderna Minimalista Metal LED Oslo - Vermelho - Globo - Ø30cm - Branco Quente (3000K)', '1005007067528677-Red-A-Dia30cm-Warm light', '', 'pendentes', 3, 'O LED integrado não funciona.', NULL, NULL),
  ('miw86w73021ny0ehg50c', 'Luminária Arandela Moderna Articulável Madeira Depth - CINZA', '1005003394311256-Grey-Without bulb', '', 'arandelas', 3, NULL, NULL, NULL),
  ('miw88pxyq2k7c175uf', 'Luminária Pendente Moderna Minimalista Vidro Metal Calizze - Branco e Cromado - Ø20x24cm - Branco Quente (3000K)', '1005005708872140-chrome-white shade-16-20W-Warm White', '', 'pendentes', 3, NULL, NULL, NULL),
  ('pai0qbvjf', 'Luminaria de Mesa Moderna Minimalista Lynx', '1005002494647914-one mode-Touch sensor', 'SEM GTIN', 'abajur', NULL, NULL, NULL, NULL),
  ('qxznk2tqd', 'Luminária de Mesa Abajur Moderna Leitura Articulada Metal Madeira Puppy - Rosa - Ø15x45cm - E27', '200000531:193#A PINK;249:200006305#EU Plug;5:100014065#No bu', '', 'abajur', NULL, '', NULL, '2025-12-09T21:15:35.294Z'),
  ('uzpek1tgi', 'Luminaria Plafon Moderna Minimalista LED Madeira Gongy - 40cm - Nogueira - Branco Quente (3000K)', '1005006621816154-Walnut wood-40cm-36w-white light', 'SEM GTIN', 'plafons', NULL, NULL, NULL, NULL),
  ('vtd9awirp', 'Luminária Arandela Moderna Minimalista Metal Vidro Myna - Dourado e Branco', '200000795:691#Copper and Amber', '', 'arandelas', NULL, 'pelo numero da NF deveriam ser 3, no entanto, uma un nao foi comprada e a outra foi barrada.', '435', '2026-02-04T17:35:59.854Z'),
  ('w49lki7ks', 'Luminária Pendente Moderno Minimalista Tecido Whirl - Bege - Ø60cm - Branco Neutro (4000K)', '200000531:350852#Beige-60CM;5:100014064#Neutral light(4500K)', '', 'pendentes', 3, '', NULL, '2025-12-09T20:55:03.232Z'),
  ('w4i15oidz', 'Luminária Arandela Moderna Minimalista LED Resina Flomu - Bege', '1005007385834178-yellow', '', 'arandelas', NULL, '', '1708', '2026-02-04T22:24:05.877Z'),
  ('xcggkmj5o', 'Luminaria de Mesa Abajur Moderna Minimalista LED Vidro Joulla - Branco', '1005007824139076-USB tricolor-white', 'SEM GTIN', 'abajur', 3, 'G SHIP SP', '1635', NULL),
  ('y01yptrax', 'Luminaria Pendente Moderna Minimalista Iris - Modelo B - 50cm', '1005005033245073-B White-D50cm-Warm light', 'SEM GTIN', 'pendentes', 3, 'G SHIP SP
', '1635', NULL);

-- =============================================
-- ENTRIES
-- =============================================
INSERT INTO entries (type, sku, quantity, supplier, nf, local_entrada, date, user_id) VALUES
  ('COMPRA', '100500725790123-CH-Green', 1, NULL, NULL, NULL, '2025-11-29T19:05:22.257Z', 'representacao@ornestudio.com'),
  ('entry', '1005007392637392-A160mm.WN-CHINA-Warm light 3000K', 2, 'ORNE DECOR STUDIO LTDA', '1175', NULL, '2025-12-03T20:12:51.430Z', 'representacao@ornestudio.com'),
  ('DEVOLUCAO', '1005006520650313-1Creamy-Warm White', 1, NULL, '40', NULL, '2025-12-06T17:33:53.016Z', 'representacao@ornestudio.com'),
  ('DEVOLUCAO', '1005005362858729-White-43cm-Warm White (2700-3500K)', 1, NULL, '56', NULL, '2025-12-06T17:53:20.245Z', 'representacao@ornestudio.com'),
  ('DEVOLUCAO', '1005006382188007-White lampshade-Copper lamp body', 2, NULL, '56', NULL, '2025-12-06T17:53:39.508Z', 'representacao@ornestudio.com'),
  ('DEVOLUCAO', '1005007506632761-A golden', 1, NULL, '56', NULL, '2025-12-06T17:53:48.719Z', 'representacao@ornestudio.com'),
  ('DEVOLUCAO', '4000295113481-white-Without bulb', 5, NULL, '207', NULL, '2025-12-06T17:56:03.557Z', 'representacao@ornestudio.com'),
  ('DEVOLUCAO', '1005007506632761-A golden', 1, NULL, '303', NULL, '2025-12-06T17:59:04.516Z', 'representacao@ornestudio.com'),
  ('DEVOLUCAO', '200000795:29#Amber color;180:200002571#warm white', 1, NULL, '304', NULL, '2025-12-06T18:01:13.787Z', 'representacao@ornestudio.com'),
  ('COMPRA', '100500725790123-CH-White', 23, 'KLUZZI', NULL, NULL, '2025-12-06T18:03:41.828Z', 'representacao@ornestudio.com'),
  ('COMPRA', '100500725790123-CH-Red', 10, 'KLUZZI', NULL, NULL, '2025-12-06T18:04:01.217Z', 'representacao@ornestudio.com'),
  ('COMPRA', '100500725790123-CH-Pink', 21, 'KLUZZI', NULL, NULL, '2025-12-06T18:04:18.183Z', 'representacao@ornestudio.com'),
  ('COMPRA', '100500725790123-CH-Yellow', 23, 'KLUZZI', NULL, NULL, '2025-12-06T18:04:50.406Z', 'representacao@ornestudio.com'),
  ('COMPRA', '100500725790123-CH-Green', 9, 'KLUZZI', NULL, NULL, '2025-12-06T18:05:02.259Z', 'representacao@ornestudio.com'),
  ('DEVOLUCAO', '1005006520650313-1Creamy-Warm White', 1, NULL, '305', NULL, '2025-12-06T18:17:42.310Z', 'representacao@ornestudio.com'),
  ('DEVOLUCAO', '1005006104607551-ORANGE-warm light', 1, NULL, '372', NULL, '2025-12-06T18:25:40.439Z', 'representacao@ornestudio.com'),
  ('DEVOLUCAO', '1005004255578084-B1-No bulb', 1, NULL, '373', NULL, '2025-12-06T18:27:59.766Z', 'representacao@ornestudio.com'),
  ('DEVOLUCAO', '1005007525219033-white-EU', 1, NULL, '377', NULL, '2025-12-06T18:29:58.482Z', 'representacao@ornestudio.com'),
  ('COMPRA', '1005006076120195-A-EU Plug', 1, NULL, '378', NULL, '2025-12-06T18:32:33.008Z', 'representacao@ornestudio.com'),
  ('COMPRA', '1005005320153847-Amber-35cm-Warm White', 3, NULL, '380', NULL, '2025-12-06T18:39:32.920Z', 'representacao@ornestudio.com'),
  ('DEVOLUCAO', '1005006237200352-White-Warm white', 2, NULL, '402', NULL, '2025-12-06T18:48:36.606Z', 'representacao@ornestudio.com'),
  ('DEVOLUCAO', '1005007150054588-Diameter 60cm-Wood pole-warm light', 1, NULL, '402', NULL, '2025-12-06T18:48:48.625Z', 'representacao@ornestudio.com'),
  ('DEVOLUCAO', '100500725790123-CH-Yellow', 1, NULL, '402', NULL, '2025-12-06T18:48:59.795Z', 'representacao@ornestudio.com'),
  ('COMPRA', '136:173-RED-45CM', 1, NULL, '455', NULL, '2025-12-07T19:30:04.307Z', 'representacao@ornestudio.com'),
  ('COMPRA', '1005006104607551-BLUE-warm light', 1, NULL, '489', NULL, '2025-12-07T19:37:47.406Z', 'representacao@ornestudio.com'),
  ('COMPRA', 'arandela-linear-fine-preto-60', 3, NULL, '505', NULL, '2025-12-07T19:39:42.025Z', 'representacao@ornestudio.com'),
  ('DEVOLUCAO', '100500725790123-CH-Pink', 1, NULL, '506', NULL, '2025-12-07T19:40:27.465Z', 'representacao@ornestudio.com'),
  ('COMPRA', '1005006382188007-Linen lampshade-Black lamp body', 2, NULL, '507', NULL, '2025-12-07T19:42:22.376Z', 'representacao@ornestudio.com'),
  ('DEVOLUCAO', '100500725790123-CH-Green', 1, NULL, '562', NULL, '2025-12-07T20:13:24.771Z', 'representacao@ornestudio.com'),
  ('COMPRA', '1005006092318020-Small Smoke gray-warm light', 1, NULL, '579', NULL, '2025-12-07T20:25:06.741Z', 'representacao@ornestudio.com'),
  ('DEVOLUCAO', '136:29#Round white;200000531:193#Warm White 3000K;249:200002', 13, NULL, '601', NULL, '2025-12-07T20:28:07.806Z', 'representacao@ornestudio.com'),
  ('DEVOLUCAO', '4001176351696-Golden-Warm White (2700-3500K)', 2, NULL, '602', NULL, '2025-12-07T20:31:09.197Z', 'representacao@ornestudio.com'),
  ('DEVOLUCAO', '180:200002571#7W Warm White 3000K;200000795:691#Wall -White', 2, NULL, '602', NULL, '2025-12-07T20:31:46.076Z', 'representacao@ornestudio.com'),
  ('DEVOLUCAO', '1005002008969209-WHITE-1 head-300cm wire-Lampshade Dia 18cm', 2, NULL, '603', NULL, '2025-12-07T20:32:47.061Z', 'representacao@ornestudio.com'),
  ('DEVOLUCAO', '5:100014064#15x12.5x39cm;200000531:193#Pink;249:200006305;14', 1, NULL, '634', NULL, '2025-12-07T20:33:58.715Z', 'representacao@ornestudio.com'),
  ('DEVOLUCAO', '1005006738707980-Walnut Color 28cm-Warm White', 1, NULL, '635', NULL, '2025-12-07T20:37:15.377Z', 'representacao@ornestudio.com'),
  ('COMPRA', '200000795:173#2heads 120cm', 1, NULL, '636', NULL, '2025-12-07T20:41:50.125Z', 'representacao@ornestudio.com'),
  ('DEVOLUCAO', '4000685158571-Chrome-CHINA', 2, NULL, '644', NULL, '2025-12-07T20:44:15.357Z', 'representacao@ornestudio.com'),
  ('DEVOLUCAO', '1005006501305098-Black lampbody', 1, NULL, '644', NULL, '2025-12-07T20:44:32.890Z', 'representacao@ornestudio.com'),
  ('DEVOLUCAO', '100500725790123-CH-Pink', 1, NULL, '644', NULL, '2025-12-07T20:44:43.668Z', 'representacao@ornestudio.com'),
  ('DEVOLUCAO', '32939673394-Amber color-C', 1, NULL, '645', NULL, '2025-12-07T20:47:53.137Z', 'representacao@ornestudio.com'),
  ('DEVOLUCAO', '32939673394-Amber color-B', 1, NULL, '645', NULL, '2025-12-07T20:48:09.594Z', 'representacao@ornestudio.com'),
  ('DEVOLUCAO', '1005008538785501-cloud stone', 1, NULL, '463', NULL, '2025-12-07T20:48:24.076Z', 'representacao@ornestudio.com'),
  ('DEVOLUCAO', '1005005751448396-Copper-L400-5W No Dimmable-3000K Warm White', 1, NULL, '694', NULL, '2025-12-07T20:50:52.863Z', 'representacao@ornestudio.com'),
  ('DEVOLUCAO', '1005007143017099-D35cmxH45cm-light yellow', 1, NULL, '737', NULL, '2025-12-07T20:52:49.022Z', 'representacao@ornestudio.com'),
  ('DEVOLUCAO', '1005002607371695-Gold and white', 1, NULL, '738', NULL, '2025-12-07T20:53:03.909Z', 'representacao@ornestudio.com'),
  ('DEVOLUCAO', '1005007606474326-D40cm-Warm Light', 1, NULL, '738', NULL, '2025-12-07T20:53:10.918Z', 'representacao@ornestudio.com'),
  ('DEVOLUCAO', '1005005881791136-YELLOW', 1, NULL, '744', NULL, '2025-12-07T20:55:30.735Z', 'representacao@ornestudio.com'),
  ('DEVOLUCAO', '1005007126209440-Brown', 1, NULL, '749', NULL, '2025-12-07T20:56:37.531Z', 'representacao@ornestudio.com'),
  ('DEVOLUCAO', '100500725790123-CH-Green', 1, NULL, '773', NULL, '2025-12-07T20:57:18.935Z', 'representacao@ornestudio.com'),
  ('DEVOLUCAO', '200000795:691#sand nickel;200007763:201336100;180:200002571', 1, NULL, '791', NULL, '2025-12-07T20:58:35.286Z', 'representacao@ornestudio.com'),
  ('DEVOLUCAO', '100500725790123-CH-Green', 1, NULL, '877', NULL, '2025-12-07T21:05:35.580Z', 'representacao@ornestudio.com'),
  ('DEVOLUCAO', '1005005691697679-Black A-3W-Warm Light', 2, NULL, '880', NULL, '2025-12-07T21:08:16.963Z', 'representacao@ornestudio.com'),
  ('DEVOLUCAO', '200000531:193#D50cm;136:200003938#warm light', 2, NULL, '880', NULL, '2025-12-07T21:08:31.222Z', 'representacao@ornestudio.com'),
  ('DEVOLUCAO', '4000873425363-White A3', 1, NULL, '913', NULL, '2025-12-07T21:09:26.009Z', 'representacao@ornestudio.com'),
  ('DEVOLUCAO', '136:200006153#Warm Light;200000531:350852#Type C Black', 1, NULL, '914', NULL, '2025-12-07T21:10:16.531Z', 'representacao@ornestudio.com'),
  ('DEVOLUCAO', '4000295113481-black-Without bulb', 1, NULL, '915', NULL, '2025-12-07T21:11:01.308Z', 'representacao@ornestudio.com'),
  ('DEVOLUCAO', '1005007385834178-PINK', 2, NULL, '1176', NULL, '2025-12-07T21:12:26.845Z', 'representacao@ornestudio.com'),
  ('DEVOLUCAO', '1005007067528677-Red-A-Dia30cm-Warm light', 1, NULL, '1178', NULL, '2025-12-07T21:16:16.749Z', 'representacao@ornestudio.com'),
  ('DEVOLUCAO', '1005003394311256-Grey-Without bulb', 2, NULL, '1309', NULL, '2025-12-07T21:19:43.718Z', 'representacao@ornestudio.com'),
  ('DEVOLUCAO', '1005005708872140-chrome-white shade-16-20W-Warm White', 2, NULL, '1386', NULL, '2025-12-07T21:21:25.629Z', 'representacao@ornestudio.com'),
  ('DEVOLUCAO', '200000795:29#Amber color;180:200002571#warm white', 1, NULL, '1386', NULL, '2025-12-07T21:21:47.662Z', 'representacao@ornestudio.com'),
  ('DEVOLUCAO', '200000795:29#Amber color;180:200002571#warm white', 1, NULL, NULL, NULL, '2025-12-09T20:37:31.651Z', 'representacao@ornestudio.com'),
  ('DEVOLUCAO', '200000795:29;180:200002571', 5, NULL, '393', NULL, '2025-12-09T20:47:28.357Z', 'representacao@ornestudio.com'),
  ('COMPRA', '1005005340598218-Be-Green Pink-Warm white', 5, NULL, '407', NULL, '2025-12-09T20:50:12.099Z', 'representacao@ornestudio.com'),
  ('DEVOLUCAO', '1005006990959497-Gold', 1, NULL, '411', NULL, '2025-12-09T20:52:39.833Z', 'representacao@ornestudio.com'),
  ('COMPRA', '200000531:350852#Beige-60CM;5:100014064#Neutral light(4500K)', 1, NULL, '419', NULL, '2025-12-09T20:55:13.768Z', 'representacao@ornestudio.com'),
  ('COMPRA', '136:200003938#Warm white;200000531:365458#Chrome small', 1, NULL, '419', NULL, '2025-12-09T20:55:30.442Z', 'representacao@ornestudio.com'),
  ('COMPRA', '200000795:200006152#Gold 70cm', 1, NULL, '435', NULL, '2025-12-09T20:58:32.937Z', 'representacao@ornestudio.com'),
  ('COMPRA', '100500725790123-CH-Green', 1, NULL, '434', NULL, '2025-12-09T20:58:56.153Z', 'representacao@ornestudio.com'),
  ('COMPRA', '200000795:193#gold;5:100014064#33cm', 3, NULL, '547', NULL, '2025-12-09T21:03:06.218Z', 'representacao@ornestudio.com'),
  ('COMPRA', '1005004171458205-60 cm-Warm White-black lamp body-1', 1, NULL, '743', NULL, '2025-12-09T21:06:23.515Z', 'representacao@ornestudio.com'),
  ('DEVOLUCAO', '1005007606474326-D50cm-Warm Light', 1, NULL, '1179', NULL, '2025-12-09T21:08:01.962Z', 'representacao@ornestudio.com'),
  ('DEVOLUCAO', '100500725790123-CH-Green', 1, NULL, '1183', NULL, '2025-12-09T21:08:47.889Z', 'representacao@ornestudio.com'),
  ('DEVOLUCAO', '1005007001027262-A20CM-Without bulb', 1, NULL, '1183', NULL, '2025-12-09T21:09:42.897Z', 'representacao@ornestudio.com'),
  ('DEVOLUCAO', '136:200003938#Warm white;200000531:10#Red;5:361386#Diameter', 1, NULL, '1308', NULL, '2025-12-09T21:10:31.456Z', 'representacao@ornestudio.com'),
  ('DEVOLUCAO', '1005006332397349-A25CM-warm light', 1, NULL, '1382', NULL, '2025-12-09T21:13:30.075Z', 'representacao@ornestudio.com'),
  ('DEVOLUCAO', '1005006332397349-A20CM-warm light', 1, NULL, '1382', NULL, '2025-12-09T21:13:59.025Z', 'representacao@ornestudio.com'),
  ('DEVOLUCAO', '1005006332397349-A20CM-warm light', 1, NULL, '1382', NULL, '2025-12-09T21:14:12.976Z', 'representacao@ornestudio.com'),
  ('DEVOLUCAO', '1005004282941108-Black-Type-C charging', 1, NULL, '1382', NULL, '2025-12-09T21:14:33.702Z', 'representacao@ornestudio.com'),
  ('DEVOLUCAO', '200000531:193#A PINK;249:200006305#EU Plug;5:100014065#No bu', 1, NULL, '1044', NULL, '2025-12-09T21:16:16.760Z', 'representacao@ornestudio.com'),
  ('DEVOLUCAO', '1005007385834178-PINK', 1, NULL, NULL, NULL, '2025-12-09T21:31:16.531Z', 'representacao@ornestudio.com'),
  ('COMPRA', '1005007506632761-B', 4, 'ORNE DECOR STUDIO LTDA', '1406', NULL, '2025-12-12T17:50:44.456Z', 'representacao@ornestudio.com'),
  ('COMPRA', '1005006621816154-Walnut wood-40cm-36w-white light', 2, 'ORNE DECOR STUDIO LTDA', '1503', NULL, '2025-12-12T17:51:12.023Z', 'representacao@ornestudio.com'),
  ('COMPRA', '1005002494647914-one mode-Touch sensor', 1, 'ORNE DECOR STUDIO LTDA', '1636', NULL, '2025-12-12T17:51:49.193Z', 'representacao@ornestudio.com'),
  ('COMPRA', '1005005245471998-C Black-Warm White (2700-3500K)', 1, NULL, '1616', NULL, '2026-01-27T18:20:04.052Z', 'representacao@ornestudio.com'),
  ('DEVOLUCAO', '1005005232203762-RED-20CM', 1, NULL, '121', NULL, '2026-02-02T19:12:56.840Z', 'representacao@ornestudio.com'),
  ('COMPRA', '1005005033245073-B White-D50cm-Warm light', 1, 'ORNE DECOR STUDIO LTDA', '1635', NULL, '2026-02-03T19:35:18.187Z', 'representacao@ornestudio.com'),
  ('COMPRA', '1005007824139076-USB tricolor-white', 1, 'ORNE DECOR STUDIO LTDA', '1635', NULL, '2026-02-03T19:35:18.375Z', 'representacao@ornestudio.com'),
  ('DEVOLUCAO', '200000795:691#Copper and Amber', 1, NULL, '435', NULL, '2026-02-04T17:36:14.219Z', 'representacao@ornestudio.com'),
  ('DEVOLUCAO', '1005007385834178-yellow', 2, NULL, '1708', NULL, '2026-02-04T22:24:20.529Z', 'representacao@ornestudio.com');

-- =============================================
-- EXITS
-- =============================================
INSERT INTO exits (type, sku, quantity, client, nf, nf_origem, date, user_id) VALUES
  ('VENDA', '4001176351696-Golden-Warm White (2700-3500K)', 1, NULL, '1892', NULL, '2025-12-17T19:36:25.591Z', 'representacao@ornestudio.com'),
  ('VENDA', '200000795:29#Amber color;180:200002571#warm white', 3, NULL, '1253', NULL, '2026-01-07T18:12:13.003Z', 'representacao@ornestudio.com'),
  ('VENDA', '1005007606474326-D40cm-Warm Light', 1, NULL, '2197', NULL, '2026-01-20T17:25:22.649Z', 'representacao@ornestudio.com'),
  ('VENDA', '1005007385834178-PINK', 1, NULL, '2073', NULL, '2026-01-20T18:31:34.027Z', 'representacao@ornestudio.com'),
  ('VENDA', '1005006382188007-White lampshade-Copper lamp body', 1, NULL, '2193', NULL, '2026-01-20T18:32:52.745Z', 'representacao@ornestudio.com'),
  ('VENDA', '100500725790123-CH-Red', 1, 'Lorenca Duarte Rodrigues dos Santos Lauria', '2254', NULL, '2026-01-20T19:46:10.003Z', 'representacao@ornestudio.com'),
  ('VENDA', '100500725790123-CH-Pink', 1, 'Alessandra Ribeiro Tosta', '2194', NULL, '2026-01-23T18:19:50.734Z', 'representacao@ornestudio.com'),
  ('VENDA', '100500725790123-CH-Pink', 1, 'Felipe bezerra', '2195', NULL, '2026-01-23T18:20:24.755Z', 'representacao@ornestudio.com'),
  ('VENDA', '100500725790123-CH-Green', 1, NULL, '2533', '562', '2026-02-03T19:27:07.003Z', 'representacao@ornestudio.com'),
  ('VENDA', '100500725790123-CH-Green', 10, NULL, NULL, 'Sem NF', '2026-02-03T19:28:02.982Z', 'representacao@ornestudio.com'),
  ('VENDA', '1005006076120195-A-EU Plug', 1, NULL, '1142', '378', '2026-02-04T19:02:57.124Z', 'representacao@ornestudio.com'),
  ('VENDA', '1005005320153847-Amber-35cm-Warm White', 2, NULL, '1853', '380', '2026-02-04T19:48:04.088Z', 'representacao@ornestudio.com'),
  ('VENDA', '100500725790123-CH-Green', 1, NULL, '2422', '877', '2026-02-04T22:14:08.845Z', 'representacao@ornestudio.com'),
  ('VENDA', '100500725790123-CH-Green', 1, NULL, '2423', '773', '2026-02-04T22:14:38.993Z', 'representacao@ornestudio.com');

-- =============================================
-- SHIPPINGS
-- =============================================
INSERT INTO shippings (id, nf_numero, cliente, destino, local_origem, transportadora, codigo_rastreio, link_rastreio, melhor_envio_id, produtos, observacoes, status, date, user_id) VALUES
  ('24au5wpdf', '2253', 'Brasil Bourgogne Ltda', 'RUA OLEGARIO MARIANO, S/N - PORTA DO SOL - MAIRINQUE/SP - CEP: 18120000', 'VILA GUILHERME', NULL, NULL, NULL, NULL, '[{"autoVinculado":false,"baixarEstoque":false,"ean":"","nome":"Luminaria Pendente Moderno Minimalista Metal LED Suit - Branco - 23cm - Branco Quente (3000K)","produtoEstoque":{"category":"pendentes","currentQuantity":0,"ean":"","id":"3g6ft3tdo","minStock":1,"name":"Luminaria Pendente Moderno Minimalista Metal LED Suit - Branco - 23cm - Branco Quente (3000K)","observations":"Cadastrado via NF 2253","sku":"136:200003938Warm White  3000K;200000531:29White;5:361385"},"quantidade":2,"sku":"136:200003938Warm White  3000K;200000531:29White;5:361385"}]'::jsonb, 'NF ORIGINAL 1716', 'PENDENTE', '2026-01-20T19:18:31.536Z', 'representacao@ornestudio.com'),
  ('3lnxu9ijf', '2195', 'Felipe bezerra', 'Avenida Doutor Mario Nunes Vieira, 149 - Jatiuca - Maceio/AL - CEP: 57035553', 'VILA GUILHERME', NULL, NULL, NULL, NULL, '[{"autoVinculado":false,"baixarEstoque":true,"ean":"","nome":"Luminaria de Mesa Abajur Moderna Minimalista LED Acrilico Facino Colors - Rosa","produtoEstoque":{"category":"abajur","currentQuantity":22,"ean":"","id":"3","minStock":3,"name":"Luminária de Mesa Abajur Moderna Minimalista LED Acrílico Facino Colors - ROSA","quantity":12,"sku":"100500725790123-CH-Pink","status":"ok"},"quantidade":1,"sku":"1005007257901231-CH-Pink"}]'::jsonb, NULL, 'PENDENTE', '2026-01-23T18:20:24.568Z', 'representacao@ornestudio.com'),
  ('46f28pfrz', '2254', 'Lorenca Duarte Rodrigues dos Santos Lauria', 'Travessa Almirante Wandenkolk, 898 - Apt 2400 Ed Torre de Avila - Belem/PA - CEP: 66055030', 'VILA GUILHERME', NULL, NULL, NULL, NULL, '[{"autoVinculado":false,"baixarEstoque":true,"ean":"","nome":"Luminaria de Mesa Abajur Moderna Minimalista LED Acrilico Facino Colors - Vermelho","produtoEstoque":{"category":"abajur","currentQuantity":10,"ean":"","id":"4","minStock":3,"name":"Luminária de Mesa Abajur Moderna Minimalista LED Acrílico Facino Colors - VERMELHO","quantity":12,"sku":"100500725790123-CH-Red","status":"ok"},"quantidade":1,"sku":"1005007257901231-RED"}]'::jsonb, 'nf original 225', 'PENDENTE', '2026-01-20T19:46:09.813Z', 'representacao@ornestudio.com'),
  ('6uuxq7gz2', '2194', 'Alessandra Ribeiro Tosta', 'Rua 1, 008 - Vila Planalto - Brasilia/DF - CEP: 70803100', 'VILA GUILHERME', NULL, NULL, NULL, NULL, '[{"autoVinculado":false,"baixarEstoque":true,"ean":"","nome":"Luminaria de Mesa Abajur Moderna Minimalista LED Acrilico Facino Colors - Rosa","produtoEstoque":{"category":"abajur","currentQuantity":23,"ean":"","id":"3","minStock":3,"name":"Luminária de Mesa Abajur Moderna Minimalista LED Acrílico Facino Colors - ROSA","quantity":12,"sku":"100500725790123-CH-Pink","status":"ok"},"quantidade":1,"sku":"1005007257901231-CH-Pink"}]'::jsonb, NULL, 'PENDENTE', '2026-01-23T18:19:50.540Z', 'representacao@ornestudio.com'),
  ('d4gyp2eds', '2251', 'Willian Fang', 'Rua Martinico Prado, 242 - Vila Buarque - Sao Paulo/SP - CEP: 01224010', 'VILA GUILHERME', 'Outro', 'LGI-ME2623JG9A2BR', 'https://www.melhorrastreio.com.br/app/loggi/LGI-ME2623JG9A2BR', NULL, '[{"autoVinculado":false,"baixarEstoque":false,"ean":"","nome":"Luminaria Arandela Moderno Minimalista Ikso","produtoEstoque":{"category":"arandelas","currentQuantity":0,"ean":"","id":"lqh8xnu2v","minStock":1,"name":"Luminaria Arandela Moderno Minimalista Ikso","observations":"Cadastrado via NF 2251","sku":"1005004078629302-White-Warm White (2700-3500K)"},"quantidade":1,"sku":"1005004078629302-White-Warm White (2700-3500K)"}]'::jsonb, 'NF original 1483', 'ENTREGUE', '2026-01-20T18:57:46.943Z', 'representacao@ornestudio.com'),
  ('lltzrb9w0', '2249', 'Victor Hugo Huguet Marques', 'Rua Otavio Correia, 420 - Urca - Rio de Janeiro/RJ - CEP: 22291180', 'RIO DE JANEIRO', NULL, NULL, NULL, NULL, '[{"autoVinculado":false,"baixarEstoque":false,"ean":"","nome":"Luminaria Arandela Moderna Minimalista Globo Vidro Vox - Bege - 12cm","produtoEstoque":{"category":"arandelas","currentQuantity":0,"ean":"","id":"i8ir5a5ed","minStock":1,"name":"Luminaria Arandela Moderna Minimalista Globo Vidro Vox - Bege - 12cm","observations":"Cadastrado via NF 2249","sku":"180:200002567Without light source;200000795:175Beige"},"quantidade":1,"sku":"180:200002567Without light source;200000795:175Beige"}]'::jsonb, 'NF ORIGINAL 1945', 'PENDENTE', '2026-01-20T19:24:00.004Z', 'representacao@ornestudio.com'),
  ('lqaqboadt', '2217', 'Vitor Bertolucci', 'Alameda America, 101 - Tambore - Santana de Parnaiba/SP - CEP: 06543315', 'VILA GUILHERME', 'Outro', NULL, NULL, NULL, '[{"autoVinculado":false,"baixarEstoque":false,"ean":"","nome":"Luminaria De Mesa Abajur Moderna Minimalista Ceramica Tecido Emur - 30x31cm - Verde - Ceramica e Tecido","produtoEstoque":{"category":"abajur","currentQuantity":0,"ean":"","id":"iz80xkjjv","minStock":1,"name":"Luminaria De Mesa Abajur Moderna Minimalista Ceramica Tecido Emur - 30x31cm - Verde - Ceramica e Tecido","observations":"Cadastrado via NF 2217","sku":"14:771EU Plug;200000795:10Green small"},"quantidade":1,"sku":"14:771EU Plug;200000795:10Green small"}]'::jsonb, 'original 1690', 'PENDENTE', '2026-01-20T19:39:53.116Z', 'representacao@ornestudio.com'),
  ('sely1u6jz', '2252', 'Willian Fang', 'Rua Martinico Prado, 242 - Vila Buarque - Sao Paulo/SP - CEP: 01224010', 'VILA GUILHERME', 'Outro', 'LGI-ME2623JGKV3BR', 'https://www.melhorrastreio.com.br/app/loggi/LGI-ME2623JGKV3BR', NULL, '[{"autoVinculado":false,"baixarEstoque":false,"ean":"","nome":"Luminaria de Mesa Abajur Moderna Minimalista LED Acrilico Facino Colors - Vermelho","quantidade":1,"sku":"1005007257901231-CH-Red"}]'::jsonb, 'NF original 1483', 'ENTREGUE', '2026-01-20T19:04:47.886Z', 'representacao@ornestudio.com'),
  ('ssb6z80yo', '1964', 'Luciana Campos', 'Avenida Jones dos Santos Neves, 324 - Centro - Sao Mateus/ES - CEP: 29930010', 'VILA GUILHERME', NULL, NULL, NULL, NULL, '[{"autoVinculado":false,"baixarEstoque":false,"ean":"","nome":"Luminaria de Mesa Abajur Moderna Minimalista LED Acrilico Facino Colors - Verde","quantidade":1,"sku":"1005007257901231-CH-Green"}]'::jsonb, NULL, 'PENDENTE', '2026-01-20T19:34:38.258Z', 'representacao@ornestudio.com'),
  ('ye6kzf9tz', '2250', 'Victor Hugo Huguet Marques', 'Rua Otavio Correia, 420 - Urca - Rio de Janeiro/RJ - CEP: 22291180', 'RIO DE JANEIRO', NULL, NULL, NULL, NULL, '[{"autoVinculado":false,"baixarEstoque":false,"ean":"","nome":"Luminaria Arandela Moderna Minimalista Globo Vidro Vox - Vermelho - 12cm","produtoEstoque":{"category":"arandelas","currentQuantity":0,"ean":"","id":"2ey7i66z9","minStock":1,"name":"Luminaria Arandela Moderna Minimalista Globo Vidro Vox - Vermelho - 12cm","observations":"Cadastrado via NF 2250","sku":"180:200002567Without light source;200000795:193Red"},"quantidade":1,"sku":"180:200002567Without light source;200000795:193Red"}]'::jsonb, 'NF ORIGINAL 1945', 'PENDENTE', '2026-01-20T19:24:27.700Z', 'representacao@ornestudio.com');
